quest_id,title,campaign_A,campaign_B,campaign_C,evidence
"intro_run","Add your first block","completed; reload verified","completed; auto-claim reload verified","not started","A-intro_run; B-intro_run"
"intro_build","Give your robot a direction","completed; reload verified","completed; auto-claim reload verified","not started","A-intro_build; B-intro_build"
"intro_say","Say hello","completed; reload verified","completed; auto-claim reload verified","not started","A-intro_say; B-intro_say"
"intro_sequence","Two blocks, one trip","completed; reload verified","completed; auto-claim reload verified","not started","A-intro_sequence; B-intro_sequence"
"tut_2","Take your first farming steps","completed; reload verified","completed; auto-claim reload verified","not started","A-tut_2-till; A-tut_2-plant; A-tut_2-water; BUG-001-fixed-3; B-tut_2"
"shop_seed_0","Buy more seeds","completed; reload verified","completed; unclaimed reload and exact reward verified","not started","A-shop_seed_0; B-shop_seed_0"
"farm_two_0","Plant two tiles","completed; reload verified","completed; unclaimed reload and exact reward verified","not started","A-farm_two_0; B-farm_two_0"
"intro_loop","Use a loop for two trips","completed; reload verified","completed; unclaimed reload and exact reward verified","not started","A-intro_loop; B-intro_loop"
"loop_row_0","Plant a row","completed; reload verified","completed; unclaimed reload and exact reward verified","not started","A-loop_row_0; B-loop_row_0"
"loop_water_0","Water the row","completed; reload verified","completed; unclaimed reload and exact reward verified","not started","A-loop_water_0; B-loop_water_0"
"crop_wheat_1","Harvest three wheat crops","completed; reload verified","completed; unclaimed reload and exact reward verified","not started","A-crop_wheat_1; B-crop_wheat_1"
"cs_check_0","Ask your robot a question","completed; reload verified","completed; unclaimed reload and exact reward verified","not started","A-cs_check_0; B-cs_check_0"
"if_ready_0","Harvest if ready","completed; reload verified","completed; unclaimed reload and exact reward verified","not started","A-if_ready_0; B-if_ready_0"
"cs_if_0","Plant if the tile is empty","completed; reload verified","completed; unclaimed reload and exact reward verified","not started","A-cs_if_0; B-cs_if_0"
"if_else_0","Harvest or water","completed; reload verified","completed; unclaimed reload and exact reward verified","not started","A-if_else_0; B-if_else_0"
"if_row_0","Check the whole row","completed; reload verified","completed; unclaimed reload and exact reward verified","not started","A-if_row_0; B-if_row_0"
"cs_cleanup_0","Clear a spoiled crop","completed; reload verified","completed; unclaimed reload and exact reward verified","not started","A-cs_cleanup_0; B-cs_cleanup_0"
"cs_grid_0","Count your farm rows","completed; reload verified","completed; unclaimed reload and exact reward verified","not started","A-cs_grid_0; B-cs_grid_0"
"shop_land_0","Make your farm bigger","completed; reload verified","completed; unclaimed reload and exact reward verified","not started","A-shop_land_0; B-shop_land_0"
"loop_size_0","Fit a loop to your farm","completed; reload verified","completed; unclaimed reload and exact reward verified","not started","A-loop_size_0; B-loop_size_0"
"shop_upgrade_0","Speed up your robot","completed; reload verified","completed; unclaimed reload and exact reward verified","not started","A-shop_upgrade_0; B-shop_upgrade_0"
"var_set_0","Remember a number","completed; reload verified","completed; unclaimed reload and exact reward verified","not started","A-var_set_0; B-var_set_0"
"var_change_0","Count up","completed; reload verified","completed; unclaimed reload and exact reward verified","not started","A-var_change_0; B-var_change_0"
"var_harvest_0","Count your harvest","completed; reload verified","completed; unclaimed reload and exact reward verified","not started","A-var_harvest_0; B-var_harvest_0"
"var_crop_0","Pick your crop once","completed; reload verified","completed; unclaimed reload and exact reward verified","not started","A-var_crop_0; B-var_crop_0"
"logic_compare_0","Check your seed count","completed; reload verified","completed; unclaimed reload and exact reward verified","not started","A-logic_compare_0; B-logic_compare_0"
"logic_and_0","Combine two checks","completed; reload verified","completed; unclaimed reload and exact reward verified","not started","A-logic_and_0; B-logic_and_0"
"cs_random_0","Choose a crop at random","completed; reload verified","completed; unclaimed reload and exact reward verified","not started","A-cs_random_0; B-cs_random_0"
"cs_jump_0","Jump using a counter","completed; reload verified","completed; unclaimed reload and exact reward verified","not started","A-cs_jump_0; B-cs_jump_0"
"cs_wait_0","Wait until ready","completed; reload verified","completed; unclaimed reload and exact reward verified","not started","A-cs_wait_0; B-cs_wait_0"
"for_count_0","Count with for","completed; reload verified","completed; unclaimed reload and exact reward verified","not started","A-for_count_0; B-for_count_0"
"loop_farm_0","Visit the whole farm","completed; reload verified","completed; unclaimed reload and exact reward verified","not started","A-loop_farm_0; B-loop_farm_0"
"fn_define_0","Name your steps","completed; reload verified","completed; unclaimed reload and exact reward verified","not started","A-fn_define_0; B-fn_define_0"
"fn_reuse_0","Use your function everywhere","completed; reload verified","completed; unclaimed reload and exact reward verified","not started","A-fn_reuse_0; B-fn_reuse_0"
"fn_param_0","Give a function an input","completed; reload verified","completed; unclaimed reload and exact reward verified","not started","A-fn_param_0; B-fn_param_0"
"fn_return_0","Return an answer","completed; reload verified","completed; unclaimed reload and exact reward verified","not started","A-fn_return_0; B-fn_return_0"
"list_crops_0","Plant a crop list","completed; reload verified","completed; unclaimed reload and exact reward verified","not started","A-list_crops_0; B-list_crops_0"
"hazard_bug_0","Patrol for bugs","completed; reload verified","completed; unclaimed reload and exact reward verified","not started","A-hazard_bug_0; B-hazard_bug_0"
"hazard_fire_0","Put out fires","completed; reload verified","completed; unclaimed reload and exact reward verified","not started","A-hazard_fire_0; B-hazard_fire_0"
"crop_corn_1","Harvest three corn crops","completed; reload verified","completed; unclaimed reload and exact reward verified","not started","A-crop_corn_1; B-crop_corn_1"
"crop_rice_1","Harvest three rice crops","completed; reload verified","completed; unclaimed reload and exact reward verified","not started","A-crop_rice_1; B-crop_rice_1"
"crop_potato_1","Harvest three potato crops","completed; reload verified","completed; unclaimed reload and exact reward verified","not started","A-crop_potato_1; B-crop_potato_1"
"crop_sugarcane_1","Harvest three sugarcane crops","completed; reload verified","completed; unclaimed reload and exact reward verified","not started","A-crop_sugarcane_1; B-crop_sugarcane_1"
"crop_tomato_1","Harvest three tomato crops","completed; reload verified","completed; unclaimed reload and exact reward verified","not started","A-crop_tomato_1; B-crop_tomato_1"
